1차,2차,3차,4차,url,분류
직무발명제도란?,한눈에 보는 직무발명제도,,,https://kipa.org/ip-job/intro/intro01.jsp,콘텐츠
,개요,,,https://kipa.org/ip-job/intro/intro02.jsp,콘텐츠
,목적 및 취지,,,https://kipa.org/ip-job/intro/intro03.jsp,콘텐츠
,관련 발명진흥법 및 시행령,발명진흥법,,https://kipa.org/ip-job/intro/intro05.jsp,콘텐츠
,,시행령,,https://kipa.org/ip-job/intro/intro05_2.jsp,콘텐츠
도입방법,도입방법 안내,,,https://kipa.org/ip-job/method/method01.jsp,콘텐츠
,신고 · 승계 절차,,,https://kipa.org/ip-job/method/method02.jsp,콘텐츠
,직무발명 권리관계,,,https://kipa.org/ip-job/method/method03.jsp,콘텐츠
,직무발명 보상,,,https://kipa.org/ip-job/method/method04.jsp,콘텐츠
,제도 도입 혜택,,,https://kipa.org/ip-job/method/method05.jsp,콘텐츠
자료실,직무발명제도 영상자료,,,https://kipa.org/ip-job/data/data01.jsp,게시판(동영상)
,직무발명제도 자료,,,https://kipa.org/ip-job/data/data02.jsp,게시판(갤러리)
,직무발명 보상규정 표준모델,,,https://kipa.org/ip-job/data/data03.jsp,게시판(일반)
,국내 · 해외 사례 및 판례,,,https://kipa.org/ip-job/data/data04.jsp,게시판(일반)
,공무원 직무발명제도,,,https://kipa.org/ip-job/data/data06.jsp,게시판(일반)
,직무발명보상 우수기업 인증로고,,,https://kipa.org/ip-job/data09.jsp,게시판(일반)
지원사업 안내,직무발명보상 우수기업 인증제,,,https://kipa.org/ip-job/presentation/presentation01.jsp,콘텐츠
,직무발명제도 컨설팅 프로그램,,,https://kipa.org/ip-job/presentation/presentation02.jsp,콘텐츠
,직무발명제도 설명회,,,https://kipa.org/ip-job/presentation/presentation03.jsp,콘텐츠
,인증유효기업,,,https://kipa.org/ip-job/presentation/presentation05.jsp,게시판(일반)
고객센터,사업공고 및 안내,,,https://kipa.org/ip-job/center/center01.jsp,게시판(일반)
,온라인 상담코너,,,https://kipa.org/ip-job/center/center02.jsp,게시판(Q&A)
,자주 묻는 질문,,,https://kipa.org/ip-job/center/center03.jsp,게시판(FAQ)
,오프라인 상담,,,https://kipa.org/ip-job/center/offline.jsp,콘텐츠
